{
  "CLAUDE.md": 1776724975.140587,
  "graphify-out\\graph.html": 1776726273.3978984,
  "graphify-out\\GRAPH_REPORT.md": 1776726268.0579524
}